"registration_timestamp","team_id","team_name","domain","participant_name","role","email","phone","usn","college","state","gender","accommodation_required","payment_utr","payment_status","payment_amount_detail","team_status"
"2026-09-17T13:33:46.753Z","AN-020","SustainX","SUSTAINABILITY & CLIMATE TECH","Kopparapu Ganeswarachari","Leader","ganeswarachari2006@gmail.com","7569571469","","Mohan Babu University","Andhra Pradesh","Male","false","612537289065","PENDING_PAYMENT_AUDIT","Pending admin payment audit for 1000 INR","PENDING_PAYMENT_AUDIT"
"2026-09-17T13:33:46.753Z","AN-020","SustainX","SUSTAINABILITY & CLIMATE TECH","Guntakala Gagandeep","Member","","","","Mohan Babu University","Andhra Pradesh","","false","612537289065","PENDING_PAYMENT_AUDIT","Pending admin payment audit for 1000 INR","PENDING_PAYMENT_AUDIT"
"2026-09-17T13:33:46.753Z","AN-020","SustainX","SUSTAINABILITY & CLIMATE TECH","","Member","","","","Mohan Babu University","Andhra Pradesh","","false","612537289065","PENDING_PAYMENT_AUDIT","Pending admin payment audit for 1000 INR","PENDING_PAYMENT_AUDIT"
"2026-09-17T13:33:46.753Z","AN-020","SustainX","SUSTAINABILITY & CLIMATE TECH","","Member","","","","Mohan Babu University","Andhra Pradesh","","false","612537289065","PENDING_PAYMENT_AUDIT","Pending admin payment audit for 1000 INR","PENDING_PAYMENT_AUDIT"
"2026-09-17T13:33:46.844Z","AN-021","EcoSentinals","SUSTAINABILITY & CLIMATE TECH","Jajam Siva Prasad","Leader","jsivaprasad6666@gmail.com","9542163342","","Mohan Babu University","Andhra Pradesh","Male","false","14026763705","PENDING_PAYMENT_AUDIT","Pending admin payment audit for 1000 INR","PENDING_PAYMENT_AUDIT"
"2026-09-17T13:33:46.844Z","AN-021","EcoSentinals","SUSTAINABILITY & CLIMATE TECH","Lakka Veera Venkata Satyanarayana","Member","","","","Mohan Babu University","Andhra Pradesh","","false","14026763705","PENDING_PAYMENT_AUDIT","Pending admin payment audit for 1000 INR","PENDING_PAYMENT_AUDIT"
"2026-09-17T13:33:46.844Z","AN-021","EcoSentinals","SUSTAINABILITY & CLIMATE TECH","","Member","","","","Mohan Babu University","Andhra Pradesh","","false","14026763705","PENDING_PAYMENT_AUDIT","Pending admin payment audit for 1000 INR","PENDING_PAYMENT_AUDIT"
"2026-09-17T13:33:46.844Z","AN-021","EcoSentinals","SUSTAINABILITY & CLIMATE TECH","","Member","","","","Mohan Babu University","Andhra Pradesh","","false","14026763705","PENDING_PAYMENT_AUDIT","Pending admin payment audit for 1000 INR","PENDING_PAYMENT_AUDIT"
"2026-09-17T13:33:46.950Z","AN-022","Team 404","CYBERSECURITY & PRIVACY","K Sumithra","Leader","kunchapusumithra12@gmail.com","7993639814","","Mohan babu university","Andhra Pradesh","Female","true","154973632574","PENDING_PAYMENT_AUDIT","Pending admin payment audit for 1000 INR","PENDING_PAYMENT_AUDIT"
"2026-09-17T13:33:46.950Z","AN-022","Team 404","CYBERSECURITY & PRIVACY","G Prudvi Raj","Member","","","","Mohan babu university","Andhra Pradesh","","true","154973632574","PENDING_PAYMENT_AUDIT","Pending admin payment audit for 1000 INR","PENDING_PAYMENT_AUDIT"
"2026-09-17T13:33:46.950Z","AN-022","Team 404","CYBERSECURITY & PRIVACY","","Member","","","","Mohan babu university","Andhra Pradesh","","true","154973632574","PENDING_PAYMENT_AUDIT","Pending admin payment audit for 1000 INR","PENDING_PAYMENT_AUDIT"
"2026-09-17T13:33:46.950Z","AN-022","Team 404","CYBERSECURITY & PRIVACY","","Member","","","","Mohan babu university","Andhra Pradesh","","true","154973632574","PENDING_PAYMENT_AUDIT","Pending admin payment audit for 1000 INR","PENDING_PAYMENT_AUDIT"
"2026-09-17T13:33:47.115Z","AN-023","Team elite","SUSTAINABILITY & CLIMATE TECH","Ramarathi valmiki praveen kumar","Leader","snowfire00000@gmail.com","9392150526","","Mohan babu university","","Male","false","959390515649","PENDING_PAYMENT_AUDIT","Pending admin payment audit for 750 INR","PENDING_PAYMENT_AUDIT"
"2026-09-17T13:33:47.115Z","AN-023","Team elite","SUSTAINABILITY & CLIMATE TECH","","Member","","","","Mohan babu university","","","false","959390515649","PENDING_PAYMENT_AUDIT","Pending admin payment audit for 750 INR","PENDING_PAYMENT_AUDIT"
"2026-09-17T13:33:47.115Z","AN-023","Team elite","SUSTAINABILITY & CLIMATE TECH","","Member","","","","Mohan babu university","","","false","959390515649","PENDING_PAYMENT_AUDIT","Pending admin payment audit for 750 INR","PENDING_PAYMENT_AUDIT"
"2026-09-17T13:33:47.232Z","AN-024","Team SHERIYA","ARTIFICIAL INTELLIGENCE & MACHINE LEARNING","TARUNKUMAR S","Leader","tharuns819@gmail.com","8152806352","","GM UNIVERSITY DAVANAGERE","Karnataka","Male","true","940571969613","PENDING_PAYMENT_AUDIT","Pending admin payment audit for 500 INR","PENDING_PAYMENT_AUDIT"
"2026-09-17T13:33:47.232Z","AN-024","Team SHERIYA","ARTIFICIAL INTELLIGENCE & MACHINE LEARNING","Shantakumari S J","Member","shantakumarisj5@gmail.com","","","GM UNIVERSITY DAVANAGERE","Karnataka","Female","true","940571969613","PENDING_PAYMENT_AUDIT","Pending admin payment audit for 500 INR","PENDING_PAYMENT_AUDIT"
"2026-09-17T13:33:47.368Z","AN-025","creAIte","ARTIFICIAL INTELLIGENCE & MACHINE LEARNING","Janya C","Leader","connect.janya22@gmail.com","8431366958","","K S School of Engineering","","Female","false","662504091047","PENDING_PAYMENT_AUDIT","Pending admin payment audit for 1000 INR","PENDING_PAYMENT_AUDIT"
"2026-09-17T13:33:47.368Z","AN-025","creAIte","ARTIFICIAL INTELLIGENCE & MACHINE LEARNING","Gagan S Dalali","Member","","","","K S School of Engineering","","","false","662504091047","PENDING_PAYMENT_AUDIT","Pending admin payment audit for 1000 INR","PENDING_PAYMENT_AUDIT"
"2026-09-17T13:33:47.368Z","AN-025","creAIte","ARTIFICIAL INTELLIGENCE & MACHINE LEARNING","","Member","","","","K S School of Engineering","","","false","662504091047","PENDING_PAYMENT_AUDIT","Pending admin payment audit for 1000 INR","PENDING_PAYMENT_AUDIT"
"2026-09-17T13:33:47.368Z","AN-025","creAIte","ARTIFICIAL INTELLIGENCE & MACHINE LEARNING","","Member","","","","K S School of Engineering","","","false","662504091047","PENDING_PAYMENT_AUDIT","Pending admin payment audit for 1000 INR","PENDING_PAYMENT_AUDIT"
"2026-09-17T13:33:47.489Z","AN-026","Lunar Logic","ARTIFICIAL INTELLIGENCE & MACHINE LEARNING","Aditi SP","Leader","aditiswamygowda@gmail.com","8050771251","","Sapthagiri NPS University","","Female","false","625986610880","PENDING_PAYMENT_AUDIT","Pending admin payment audit for 1000 INR","PENDING_PAYMENT_AUDIT"
"2026-09-17T13:33:47.489Z","AN-026","Lunar Logic","ARTIFICIAL INTELLIGENCE & MACHINE LEARNING","Yashwanth Gowda R","Member","","","","Sapthagiri NPS University","","","false","625986610880","PENDING_PAYMENT_AUDIT","Pending admin payment audit for 1000 INR","PENDING_PAYMENT_AUDIT"
"2026-09-17T13:33:47.489Z","AN-026","Lunar Logic","ARTIFICIAL INTELLIGENCE & MACHINE LEARNING","","Member","","","","Sapthagiri NPS University","","","false","625986610880","PENDING_PAYMENT_AUDIT","Pending admin payment audit for 1000 INR","PENDING_PAYMENT_AUDIT"
"2026-09-17T13:33:47.489Z","AN-026","Lunar Logic","ARTIFICIAL INTELLIGENCE & MACHINE LEARNING","","Member","","","","Sapthagiri NPS University","","","false","625986610880","PENDING_PAYMENT_AUDIT","Pending admin payment audit for 1000 INR","PENDING_PAYMENT_AUDIT"
"2026-09-17T13:33:47.603Z","AN-027","Monster minds","CYBERSECURITY & PRIVACY","Divya S","Leader","divyasomshekhar274@gmail.com","8296834058","","Donbosco institute of technology","","Female","false","7032668002","PENDING_PAYMENT_AUDIT","Pending admin payment audit for 1000 INR","PENDING_PAYMENT_AUDIT"
"2026-09-17T13:33:47.603Z","AN-027","Monster minds","CYBERSECURITY & PRIVACY","Aishwarya TM","Member","","","","Donbosco institute of technology","","","false","7032668002","PENDING_PAYMENT_AUDIT","Pending admin payment audit for 1000 INR","PENDING_PAYMENT_AUDIT"
"2026-09-17T13:33:47.603Z","AN-027","Monster minds","CYBERSECURITY & PRIVACY","","Member","","","","Donbosco institute of technology","","","false","7032668002","PENDING_PAYMENT_AUDIT","Pending admin payment audit for 1000 INR","PENDING_PAYMENT_AUDIT"
"2026-09-17T13:33:47.603Z","AN-027","Monster minds","CYBERSECURITY & PRIVACY","","Member","","","","Donbosco institute of technology","","","false","7032668002","PENDING_PAYMENT_AUDIT","Pending admin payment audit for 1000 INR","PENDING_PAYMENT_AUDIT"
